well_id,motor_model,motor_rated_hp,motor_rated_v,motor_rated_a,motor_min_hz,motor_max_hz,protector_model,protector_thrust_rating_lb,protector_max_hz,gas_separator_model,gas_separator_type,gas_separator_efficiency_pct,pump_model,pump_stage_type,pump_n_stages,pump_min_hz,pump_max_hz,pump_bep_hz,safe_min_hz,safe_max_hz,dominant_causes,bep_in_band
1,HS 456 Series 562 Motor,456,2450,68,35,70,"Single Protector - Labyrinth, 1800 lb",1800,65,None (natural separation only),None,25,"Radial-Flow Pump, D-1750, 130 stages",Radial-Flow,130,35,63,50,35,63,GAS_LOCK,True
2,HT 500 Series 562 Motor,500,2600,70,35,72,"Tandem Protector - Labyrinth/Bag, 2500 lb",2500,68,"Rotary Gas Separator, RGS-538",Rotary,85,"Mixed-Flow Pump, GC-4000, 65 stages",Mixed-Flow,65,40,70,55,40,68,UNDERLOAD,True
3,HS 562 Series 562 Motor,562,2790,72,35,75,"Tandem Protector - Positive Seal, 3200 lb",3200,72,"Reverse-Flow Gas Separator, RFS-400",Reverse-Flow,65,"Mixed-Flow Pump, GC-3300, 78 stages",Mixed-Flow,78,38,67,54,38,67,HIGH_TEMP,True
4,HS 456 Series 562 Motor,456,2450,68,35,70,"Tandem Protector - Labyrinth/Bag, 2500 lb",2500,68,"Reverse-Flow Gas Separator, RFS-400",Reverse-Flow,65,"Mixed-Flow Pump, GC-4000, 65 stages",Mixed-Flow,65,40,70,55,40,68,HIGH_DISCHARGE,True
5,HS 562 Series 562 Motor,562,2790,72,35,75,"Single Protector - Labyrinth, 1800 lb",1800,65,None (natural separation only),None,25,"Mixed-Flow Pump, GC-4000, 65 stages",Mixed-Flow,65,40,70,55,40,65,GAS_LOCK,True
6,HD 375 Series 456 Motor,375,2100,61,30,68,"Single Protector - Labyrinth, 1800 lb",1800,65,"Rotary Gas Separator, RGS-538",Rotary,85,"Mixed-Flow Pump, GC-2700, 92 stages",Mixed-Flow,92,40,65,52,40,65,UNDERLOAD,True
7,HD 375 Series 456 Motor,375,2100,61,30,68,"Single Protector - Labyrinth, 1800 lb",1800,65,None (natural separation only),None,25,"Mixed-Flow Pump, GC-3300, 78 stages",Mixed-Flow,78,38,67,54,38,65,"GAS_LOCK, HIGH_TEMP",True
8,HS 456 Series 562 Motor,456,2450,68,35,70,"Single Protector - Labyrinth, 1800 lb",1800,65,"Reverse-Flow Gas Separator, RFS-400",Reverse-Flow,65,"Mixed-Flow Pump, GC-2700, 92 stages",Mixed-Flow,92,40,65,52,40,65,"UNDERLOAD, HIGH_TEMP",True
9,HS 456 Series 562 Motor,456,2450,68,35,70,"Tandem Protector - Labyrinth/Bag, 2500 lb",2500,68,"Reverse-Flow Gas Separator, RFS-400",Reverse-Flow,65,"Mixed-Flow Pump, GC-2700, 92 stages",Mixed-Flow,92,40,65,52,40,65,"HIGH_DISCHARGE, GAS_LOCK",True
10,HS 562 Series 562 Motor,562,2790,72,35,75,"Tandem Protector - Labyrinth/Bag, 2500 lb",2500,68,"Reverse-Flow Gas Separator, RFS-400",Reverse-Flow,65,"Mixed-Flow Pump, GC-3300, 78 stages",Mixed-Flow,78,38,67,54,38,67,"GAS_LOCK, HIGH_DISCHARGE, UNDERLOAD",True
11,HS 562 Series 562 Motor,562,2790,72,35,75,"Tandem Protector - Positive Seal, 3200 lb",3200,72,"Rotary Gas Separator, RGS-538",Rotary,85,"Mixed-Flow Pump, GC-2700, 92 stages",Mixed-Flow,92,40,65,52,40,65,UNDERLOAD,True
12,HD 375 Series 456 Motor,375,2100,61,30,68,"Single Protector - Labyrinth, 1800 lb",1800,65,"Rotary Gas Separator, RGS-538",Rotary,85,"Mixed-Flow Pump, GC-3300, 78 stages",Mixed-Flow,78,38,67,54,38,65,HIGH_TEMP,True
13,HS 456 Series 562 Motor,456,2450,68,35,70,"Tandem Protector - Positive Seal, 3200 lb",3200,72,"Rotary Gas Separator, RGS-538",Rotary,85,"Mixed-Flow Pump, GC-2700, 92 stages",Mixed-Flow,92,40,65,52,40,65,HIGH_DISCHARGE,True
14,HD 375 Series 456 Motor,375,2100,61,30,68,"Tandem Protector - Labyrinth/Bag, 2500 lb",2500,68,"Reverse-Flow Gas Separator, RFS-400",Reverse-Flow,65,"Mixed-Flow Pump, GC-3300, 78 stages",Mixed-Flow,78,38,67,54,38,67,HIGH_TEMP,True
15,HS 456 Series 562 Motor,456,2450,68,35,70,"Tandem Protector - Positive Seal, 3200 lb",3200,72,"Reverse-Flow Gas Separator, RFS-400",Reverse-Flow,65,"Mixed-Flow Pump, GC-2700, 92 stages",Mixed-Flow,92,40,65,52,40,65,HIGH_DISCHARGE,True
16,HT 500 Series 562 Motor,500,2600,70,35,72,"Tandem Protector - Labyrinth/Bag, 2500 lb",2500,68,None (natural separation only),None,25,"Mixed-Flow Pump, GC-3300, 78 stages",Mixed-Flow,78,38,67,54,38,67,GAS_LOCK,True
